{
    "temperature": {
        "avg": 22.453987345642783,
        "max": 30.600000381469727,
        "min": 0.0
    },
    "smoke": {
        "avg": 0.019263611784846306,
        "max": 0.0465901156263079
    },
    "co": {
        "avg": 0.004638844633115903,
        "max": 0.0144201053045069
    }
}